<?xml version="1.0"?>
<InstrumentConfig xmlns:xsi="http://www.w3.org/2001/XMLSchema-instance" xmlns:xsd="http://www.w3.org/2001/XMLSchema" xmlns="http://tempuri.org/RCNetConfigurationScheme.xsd">
  <ConfiguredModules>
    <ModuleConfig ImportSource="RapidControl.ModuleRegistration.xml" ImportID="Agilent.GC.7890System.GC7890" ConfigID="{f40de0ae-7dc9-4486-ba22-205b30659475}">
      <ConnectionInfo>
        <Type>LAN_IP</Type>
        <Address>192.168.254.11</Address>
        <Shared>false</Shared>
        <Details>none</Details>
      </ConnectionInfo>
      <ConfigData>
        <Data>&lt;?xml version="1.0"?&gt;
&lt;GCContextualMethod xmlns:xsi="http://www.w3.org/2001/XMLSchema-instance" xmlns:xsd="http://www.w3.org/2001/XMLSchema" xmlns="http://www.agilent.com/schemas/Analytical/Instrument/GC7890/2006/"&gt;
  &lt;method xmlns=""&gt;
    &lt;GC PostRunHoldTime="5" AutoPrepRun="OFF"&gt;
      &lt;Inlet DeterminesReadiness="true"&gt;
        &lt;Setpoints COCTrackOven="false" SeptumPurgeFlow="2" SeptumPurgeState="ON" SeptumPurgeSwitching="false" SeptumPurgeSwitchTime="0" TotalFlow="12.25259642" TotalFlowState="ON" ControlMode="PRESSURE"&gt;
          &lt;Temperature State="ON" InitialHoldTime="0" InitialValue="150" PostRunValue="250" /&gt;
          &lt;Pressure State="ON" InitialHoldTime="0" InitialValue="711266.1356" PostRunValue="689475.7" /&gt;
          &lt;Cryo UseCryo="OFF" UseTemp="25" TimeoutDetection="OFF" Timeout="30" FaultDetection="OFF" QuickCool="OFF" /&gt;
          &lt;GasSaver Time="2" Flow="20" State="OFF" /&gt;
          &lt;Operation Mode="SPLITLESS" SplitRatio="100" PurgeFlow="2" PurgeTime="0" PulsePressure="689475" PulseTime="0.75" VIInjectTime="0" VentFlow="0" VentPressure="0" VentTime="0" /&gt;
        &lt;/Setpoints&gt;
      &lt;/Inlet&gt;
      &lt;Inlet DeterminesReadiness="true" /&gt;
      &lt;Column DeterminesReadiness="true"&gt;
        &lt;Setpoints Mode="CONSTANT_FLOW"&gt;
          &lt;Flow State="UNKNOWN" InitialHoldTime="0" InitialValue="8.252596417" PostRunValue="8.346220384" /&gt;
        &lt;/Setpoints&gt;
      &lt;/Column&gt;
      &lt;Column DeterminesReadiness="true"&gt;
        &lt;Setpoints Mode="CONSTANT_FLOW"&gt;
          &lt;Flow State="UNKNOWN" InitialHoldTime="0" InitialValue="5.478472298" PostRunValue="6.075469721" /&gt;
        &lt;/Setpoints&gt;
      &lt;/Column&gt;
      &lt;Column DeterminesReadiness="true"&gt;
        &lt;Setpoints Mode="CONSTANT_PRESSURE"&gt;
          &lt;Flow State="UNKNOWN" InitialHoldTime="0" InitialValue="1" PostRunValue="1" /&gt;
        &lt;/Setpoints&gt;
      &lt;/Column&gt;
      &lt;Column DeterminesReadiness="true"&gt;
        &lt;Setpoints Mode="CONSTANT_PRESSURE"&gt;
          &lt;Flow State="UNKNOWN" InitialHoldTime="0" InitialValue="1" PostRunValue="1" /&gt;
        &lt;/Setpoints&gt;
      &lt;/Column&gt;
      &lt;Column DeterminesReadiness="true"&gt;
        &lt;Setpoints Mode="CONSTANT_PRESSURE"&gt;
          &lt;Flow State="UNKNOWN" InitialHoldTime="0" InitialValue="1" PostRunValue="1" /&gt;
        &lt;/Setpoints&gt;
      &lt;/Column&gt;
      &lt;Column DeterminesReadiness="true"&gt;
        &lt;Setpoints Mode="CONSTANT_PRESSURE"&gt;
          &lt;Flow State="UNKNOWN" InitialHoldTime="0" InitialValue="1" PostRunValue="1" /&gt;
        &lt;/Setpoints&gt;
      &lt;/Column&gt;
      &lt;Oven DeterminesReadiness="true"&gt;
        &lt;Setpoints UseCryo="OFF" UseTemp="0" TimeoutDetection="OFF" Timeout="0" FaultDetection="OFF" QuickCool="OFF" EquilibrationTime="0"&gt;
          &lt;Temperature State="ON" InitialHoldTime="6" InitialValue="35" PostRunValue="230"&gt;
            &lt;Ramp Rate="25" Next="60" HoldTime="12" /&gt;
          &lt;/Temperature&gt;
        &lt;/Setpoints&gt;
      &lt;/Oven&gt;
      &lt;Detector DeterminesReadiness="false"&gt;
        &lt;Setpoints Temperature="300" Heater="ON" FuelFlow="40" Fuel="ON" UtilityFlow="450" Utility="ON" MakeupFlow="20" Makeup="ON" ConstantTotalFlow="false" TotalFlow="0" Electronics="ON" Flame="ON" State="UNKNOWN" ColComp1="0" ColComp2="0" /&gt;
      &lt;/Detector&gt;
      &lt;Detector DeterminesReadiness="true"&gt;
        &lt;Setpoints Temperature="250" Heater="ON" FuelFlow="0" Fuel="OFF" UtilityFlow="20" Utility="ON" MakeupFlow="6.8" Makeup="ON" ConstantTotalFlow="false" TotalFlow="0" Electronics="ON" Flame="OFF" State="TCD_NEGATIVE_POLARITY" ColComp1="0" ColComp2="0" /&gt;
      &lt;/Detector&gt;
      &lt;Detector DeterminesReadiness="true" /&gt;
      &lt;Detector DeterminesReadiness="true" /&gt;
      &lt;AuxThermalZone DeterminesReadiness="true"&gt;
        &lt;Temperature State="ON" InitialHoldTime="0" InitialValue="350" PostRunValue="0" /&gt;
      &lt;/AuxThermalZone&gt;
      &lt;AuxThermalZone DeterminesReadiness="true" /&gt;
      &lt;AuxThermalZone DeterminesReadiness="false" /&gt;
      &lt;AuxPressure DeterminesReadiness="false" /&gt;
      &lt;AuxPressure DeterminesReadiness="false" /&gt;
      &lt;AuxPressure DeterminesReadiness="false" /&gt;
      &lt;AuxPressure DeterminesReadiness="false" /&gt;
      &lt;AuxPressure DeterminesReadiness="false" /&gt;
      &lt;AuxPressure DeterminesReadiness="false" /&gt;
      &lt;AuxPressure DeterminesReadiness="false" /&gt;
      &lt;AuxPressure DeterminesReadiness="false" /&gt;
      &lt;AuxPressure DeterminesReadiness="false" /&gt;
      &lt;PCM&gt;
        &lt;ChannelA DeterminesReadiness="true" /&gt;
        &lt;ChannelB DeterminesReadiness="false" /&gt;
      &lt;/PCM&gt;
      &lt;PCM&gt;
        &lt;ChannelA DeterminesReadiness="true" /&gt;
        &lt;ChannelB DeterminesReadiness="false" /&gt;
      &lt;/PCM&gt;
      &lt;PCM&gt;
        &lt;ChannelA DeterminesReadiness="true"&gt;
          &lt;Setpoints Mode="FORWARD_PRESSURE" TotalFlow="5.478472298" Pressure="660825"&gt;
            &lt;Pneumatics State="ON" InitialHoldTime="0" InitialValue="660825.8212" PostRunValue="768320.2191" /&gt;
          &lt;/Setpoints&gt;
        &lt;/ChannelA&gt;
        &lt;ChannelB DeterminesReadiness="false"&gt;
          &lt;Pressure State="ON" InitialHoldTime="0" InitialValue="689475.7" PostRunValue="0" /&gt;
        &lt;/ChannelB&gt;
      &lt;/PCM&gt;
      &lt;PersistentRuntimeEvents RunTime="0.1" Type="RTE_VALVE" Position="1" Value="1" /&gt;
      &lt;PersistentRuntimeEvents RunTime="0.1" Type="RTE_VALVE" Position="2" Value="1" /&gt;
      &lt;PersistentRuntimeEvents RunTime="0.2" Type="RTE_VALVE" Position="1" Value="0" /&gt;
      &lt;PersistentRuntimeEvents RunTime="8" Type="RTE_VALVE" Position="2" Value="0" /&gt;
      &lt;GCxGCValve SampleTime="250" ModulationTime="60000" ValveIdleState="OFF" DelayTime="60000" /&gt;
      &lt;Valve InitialState="OFF" /&gt;
      &lt;Valve InitialState="OFF" /&gt;
      &lt;Valve InitialState="OFF" /&gt;
      &lt;Valve InitialState="OFF" /&gt;
      &lt;Valve InitialState="OFF" /&gt;
      &lt;Valve InitialState="OFF" /&gt;
      &lt;Valve InitialState="OFF" /&gt;
      &lt;Valve InitialState="OFF" /&gt;
      &lt;ValveBox HeaterState="ON" Temperature="100" DeterminesReadiness="true" /&gt;
      &lt;CryoFocus PreRunTime="1" HoldTime="1" /&gt;
    &lt;/GC&gt;
    &lt;Sampler&gt;
      &lt;FrontInjector Fan="ON" injmode="NORMAL"&gt;
        &lt;PreWashA Reps="0" Volume="80" DrawSpeed="200" DispenseSpeed="10" ViscosityDelay="0" /&gt;
        &lt;PreWashB Reps="0" Volume="80" DrawSpeed="200" DispenseSpeed="10" ViscosityDelay="0" /&gt;
        &lt;SampleWash Reps="0" Volume="80" DrawSpeed="200" DispenseSpeed="10" ViscosityDelay="0" DepthOffset="0" /&gt;
        &lt;SamplePumps Reps="6" DrawSpeed="200" DispenseSpeed="10" ViscosityDelay="0" DepthOffset="0" /&gt;
        &lt;Sample Volume="10" DrawSpeed="200" ViscosityDelay="0" DepthOffset="0" Airgap="2" /&gt;
        &lt;Sample Volume="10" DrawSpeed="200" ViscosityDelay="0" DepthOffset="0" Airgap="2" /&gt;
        &lt;Sample Volume="10" DrawSpeed="200" ViscosityDelay="0" DepthOffset="0" Airgap="2" /&gt;
        &lt;Injection DispenseSpeed="10" PreInjectionDwellTime="0" PostInjectionDwellTime="0" LargeVolumeReps="1" LargeVolumeDelay="0" /&gt;
        &lt;PostWashA Reps="0" Volume="80" DrawSpeed="200" DispenseSpeed="10" ViscosityDelay="0" /&gt;
        &lt;PostWashB Reps="0" Volume="80" DrawSpeed="200" DispenseSpeed="10" ViscosityDelay="0" /&gt;
      &lt;/FrontInjector&gt;
      &lt;BackInjector Fan="ON" injmode="NORMAL"&gt;
        &lt;PreWashA Reps="0" Volume="80" DrawSpeed="200" DispenseSpeed="10" ViscosityDelay="0" /&gt;
        &lt;PreWashB Reps="0" Volume="80" DrawSpeed="200" DispenseSpeed="10" ViscosityDelay="0" /&gt;
        &lt;SampleWash Reps="0" Volume="80" DrawSpeed="200" DispenseSpeed="10" ViscosityDelay="0" DepthOffset="0" /&gt;
        &lt;SamplePumps Reps="6" DrawSpeed="200" DispenseSpeed="10" ViscosityDelay="0" DepthOffset="0" /&gt;
        &lt;Sample Volume="10" DrawSpeed="200" ViscosityDelay="0" DepthOffset="0" Airgap="2" /&gt;
        &lt;Sample Volume="10" DrawSpeed="200" ViscosityDelay="0" DepthOffset="0" Airgap="2" /&gt;
        &lt;Sample Volume="10" DrawSpeed="200" ViscosityDelay="0" DepthOffset="0" Airgap="2" /&gt;
        &lt;Injection DispenseSpeed="10" PreInjectionDwellTime="0" PostInjectionDwellTime="0" LargeVolumeReps="1" LargeVolumeDelay="0" /&gt;
        &lt;PostWashA Reps="0" Volume="80" DrawSpeed="200" DispenseSpeed="10" ViscosityDelay="0" /&gt;
        &lt;PostWashB Reps="0" Volume="80" DrawSpeed="200" DispenseSpeed="10" ViscosityDelay="0" /&gt;
      &lt;/BackInjector&gt;
      &lt;Tray UseBarcodeReader="false"&gt;
        &lt;Mixing Enable="false" Speed="1000" Cycles="2" Intensity="UNKNOWN" Time="10" /&gt;
        &lt;BCRHeating Duration="1" Setpt="50" Enable="false" /&gt;
      &lt;/Tray&gt;
    &lt;/Sampler&gt;
    &lt;Counter ID="1229345616" Enabled="false" /&gt;
    &lt;Counter ID="1229343822" Enabled="false" /&gt;
    &lt;Counter ID="1229342547" Enabled="false" /&gt;
    &lt;Counter ID="1229345622" Enabled="false" /&gt;
    &lt;Counter ID="1229345879" Enabled="false" /&gt;
    &lt;Counter ID="1229083472" Enabled="false" /&gt;
    &lt;Counter ID="1229081678" Enabled="false" /&gt;
    &lt;Counter ID="1229080403" Enabled="false" /&gt;
    &lt;Counter ID="1229083478" Enabled="false" /&gt;
    &lt;Counter ID="1229083735" Enabled="false" /&gt;
    &lt;Counter ID="1145456972" Enabled="false" /&gt;
    &lt;Counter ID="1145194828" Enabled="false" /&gt;
    &lt;Counter ID="1127303491" Enabled="false" /&gt;
    &lt;Counter ID="1127369027" Enabled="false" /&gt;
    &lt;Counter ID="1127434563" Enabled="false" /&gt;
    &lt;Counter ID="1127500099" Enabled="false" /&gt;
    &lt;Counter ID="1127565635" Enabled="false" /&gt;
    &lt;Counter ID="1127631171" Enabled="false" /&gt;
    &lt;Counter ID="1246120275" Enabled="false" /&gt;
    &lt;Counter ID="1245858131" Enabled="false" /&gt;
    &lt;Counter ID="20" Enabled="false" /&gt;
    &lt;Counter ID="21" Enabled="false" /&gt;
    &lt;Counter ID="22" Enabled="false" /&gt;
    &lt;Counter ID="23" Enabled="false" /&gt;
    &lt;Counter ID="24" Enabled="false" /&gt;
    &lt;Counter ID="25" Enabled="false" /&gt;
    &lt;Counter ID="26" Enabled="false" /&gt;
    &lt;Counter ID="27" Enabled="false" /&gt;
    &lt;Counter ID="28" Enabled="false" /&gt;
    &lt;Counter ID="29" Enabled="false" /&gt;
    &lt;Counter ID="30" Enabled="false" /&gt;
    &lt;Counter ID="31" Enabled="false" /&gt;
    &lt;Counter ID="32" Enabled="false" /&gt;
    &lt;Counter ID="33" Enabled="false" /&gt;
    &lt;Counter ID="34" Enabled="false" /&gt;
    &lt;Counter ID="35" Enabled="false" /&gt;
    &lt;Counter ID="36" Enabled="false" /&gt;
    &lt;Counter ID="37" Enabled="false" /&gt;
    &lt;Counter ID="38" Enabled="false" /&gt;
    &lt;Counter ID="39" Enabled="false" /&gt;
    &lt;Counter ID="40" Enabled="false" /&gt;
    &lt;Counter ID="41" Enabled="false" /&gt;
    &lt;Counter ID="42" Enabled="false" /&gt;
    &lt;Counter ID="43" Enabled="false" /&gt;
    &lt;Counter ID="44" Enabled="false" /&gt;
    &lt;Counter ID="45" Enabled="false" /&gt;
    &lt;Counter ID="46" Enabled="false" /&gt;
    &lt;Counter ID="47" Enabled="false" /&gt;
    &lt;Counter ID="48" Enabled="false" /&gt;
    &lt;Counter ID="49" Enabled="false" /&gt;
    &lt;Counter ID="50" Enabled="false" /&gt;
    &lt;Counter ID="51" Enabled="false" /&gt;
    &lt;Counter ID="52" Enabled="false" /&gt;
    &lt;Counter ID="53" Enabled="false" /&gt;
    &lt;Counter ID="54" Enabled="false" /&gt;
    &lt;Counter ID="55" Enabled="false" /&gt;
    &lt;Counter ID="56" Enabled="false" /&gt;
    &lt;Counter ID="57" Enabled="false" /&gt;
    &lt;Counter ID="58" Enabled="false" /&gt;
    &lt;Counter ID="59" Enabled="false" /&gt;
    &lt;Counter ID="60" Enabled="false" /&gt;
    &lt;Counter ID="61" Enabled="false" /&gt;
    &lt;Counter ID="62" Enabled="false" /&gt;
    &lt;Counter ID="63" Enabled="false" /&gt;
  &lt;/method&gt;
  &lt;supplement xmlns=""&gt;
    &lt;signal P0="FRONT_SIGNAL" P1="DATA_CHANNEL" P2="UNKNOWN" P3="20" /&gt;
    &lt;signal P0="BACK_SIGNAL_1" P1="DATA_CHANNEL" P2="UNKNOWN" P3="5" /&gt;
    &lt;signal P0="TEST_PLOT" P1="DATA_CHANNEL" P2="UNKNOWN" P3="50" /&gt;
    &lt;signal P0="TEST_PLOT" P1="DATA_CHANNEL" P2="UNKNOWN" P3="50" /&gt;
    &lt;signalIsSaved&gt;true&lt;/signalIsSaved&gt;
    &lt;signalIsSaved&gt;true&lt;/signalIsSaved&gt;
    &lt;signalIsSaved&gt;false&lt;/signalIsSaved&gt;
    &lt;signalIsSaved&gt;false&lt;/signalIsSaved&gt;
    &lt;signalZero Zero="false" /&gt;
    &lt;signalZero Zero="false" /&gt;
    &lt;signalZero Zero="false" /&gt;
    &lt;signalZero Zero="false" /&gt;
    &lt;signalTimeEvents&gt;
      &lt;SignalEventList xmlns="http://www.agilent.com/schemas/Analytical/Instrument/GC7890/2006/" /&gt;
      &lt;SignalEventList xmlns="http://www.agilent.com/schemas/Analytical/Instrument/GC7890/2006/" /&gt;
      &lt;SignalEventList xmlns="http://www.agilent.com/schemas/Analytical/Instrument/GC7890/2006/" /&gt;
      &lt;SignalEventList xmlns="http://www.agilent.com/schemas/Analytical/Instrument/GC7890/2006/" /&gt;
    &lt;/signalTimeEvents&gt;
    &lt;firstSamplePreferences&gt;2&lt;/firstSamplePreferences&gt;
    &lt;enableAlsTray&gt;false&lt;/enableAlsTray&gt;
    &lt;overlappedInjectionMode&gt;noOverlap&lt;/overlappedInjectionMode&gt;
    &lt;overlappedInjectionDelay&gt;0&lt;/overlappedInjectionDelay&gt;
  &lt;/supplement&gt;
  &lt;configuration KeyboardLocked="false" NoPrepOnManual="false" xmlns=""&gt;
    &lt;ConnectionSettings&gt;
      &lt;TypeOfConnection&gt;LAN&lt;/TypeOfConnection&gt;
      &lt;ConnectionSpecification&gt;192.168.254.11&lt;/ConnectionSpecification&gt;
      &lt;GCName /&gt;
      &lt;GCNotes /&gt;
      &lt;SerialNumber&gt;CN12281120&lt;/SerialNumber&gt;
      &lt;ModelName&gt;Agilent 7890A&lt;/ModelName&gt;
      &lt;OwnershipTimeout&gt;-1&lt;/OwnershipTimeout&gt;
      &lt;WsdlVersion&gt;2011-07-22&lt;/WsdlVersion&gt;
    &lt;/ConnectionSettings&gt;
    &lt;GCConfiguration&gt;
      &lt;Fixed CryoType="NONE"&gt;
        &lt;FWRevision BootLoader="BootLdr.01.27" Manufacturing="Version 4.26" GCApplication="A.01.14" FPGA="rev_3_00 #system.ncd;HW_TIMEOUT=FALSE;UserID=0xFFFFFFFF #2010/04/16 #13:08:16 #3s400fg456" Font="Unicode translation table v1.0" /&gt;
        &lt;ALS&gt;
          &lt;Controller Model="G3430A" FirmwareRev="A.02.11" ManufacturingID="[NoMfgID]" Present="true" /&gt;
          &lt;FrontInjector Model="" FirmwareRev="" ManufacturingID="" Present="false" Mounted="false" Aligned="false" DoorClosed="false" CompatibleWithTray="false" TurretMaxSamples="0" NumberOfSampleStops="UNKNOWN" SyringeVolume="0" /&gt;
          &lt;BackInjector Model="" FirmwareRev="" ManufacturingID="" Present="false" Mounted="false" Aligned="false" DoorClosed="false" CompatibleWithTray="false" TurretMaxSamples="0" NumberOfSampleStops="UNKNOWN" SyringeVolume="0" /&gt;
          &lt;Tray Model="" FirmwareRev="" ManufacturingID="" Present="false" Positions="0" BCRPresent="false" /&gt;
        &lt;/ALS&gt;
        &lt;Inlet ManufacturingID="Q01REF" ManufacturingDate="1342008542" Address="0" ConfiguredForGC="true" FWRevCode="1546" EEPROMRevCode="514" TypeID="SS_100" CryoPresent="false"&gt;
          &lt;Heater ConfiguredForGC="true" Power="71.89131927" Position="1" /&gt;
        &lt;/Inlet&gt;
        &lt;Inlet ManufacturingID="" ManufacturingDate="946771200" Address="0" ConfiguredForGC="false" FWRevCode="0" EEPROMRevCode="0" TypeID="UNKNOWN" CryoPresent="false"&gt;
          &lt;Heater ConfiguredForGC="false" Power="0" Position="0" /&gt;
        &lt;/Inlet&gt;
        &lt;Detector&gt;
          &lt;Signal ManufacturingID="3431182016091174" ManufacturingDate="1475120246" Address="9" ConfiguredForGC="true" FWRevCode="1282" EEPROMRevCode="768" TypeID="FID" /&gt;
          &lt;Signal ManufacturingID="" ManufacturingDate="0" Address="0" ConfiguredForGC="false" FWRevCode="0" EEPROMRevCode="0" TypeID="UNKNOWN" /&gt;
          &lt;EPC ManufacturingID="2012MV" ManufacturingDate="1341845548" Address="2" ConfiguredForGC="true" FWRevCode="1546" EEPROMRevCode="503" TypeID="FID_EPC" /&gt;
          &lt;Heater ConfiguredForGC="true" Power="70.58132172" Position="3" /&gt;
          &lt;Heater ConfiguredForGC="false" Power="1012112448" Position="0" /&gt;
        &lt;/Detector&gt;
        &lt;Detector&gt;
          &lt;Signal ManufacturingID="G3432-600151204365" ManufacturingDate="1335247943" Address="8" ConfiguredForGC="true" FWRevCode="1027" EEPROMRevCode="768" TypeID="TCD" /&gt;
          &lt;Signal ManufacturingID="" ManufacturingDate="0" Address="0" ConfiguredForGC="false" FWRevCode="0" EEPROMRevCode="0" TypeID="UNKNOWN" /&gt;
          &lt;EPC ManufacturingID="G00BMQ" ManufacturingDate="1334928865" Address="3" ConfiguredForGC="true" FWRevCode="1546" EEPROMRevCode="503" TypeID="TCD_EPC" /&gt;
          &lt;Heater ConfiguredForGC="true" Power="67.14610291" Position="4" /&gt;
          &lt;Heater ConfiguredForGC="false" Power="1012112448" Position="0" /&gt;
        &lt;/Detector&gt;
        &lt;Detector&gt;
          &lt;Signal ManufacturingID="" ManufacturingDate="946771200" Address="0" ConfiguredForGC="false" FWRevCode="0" EEPROMRevCode="0" TypeID="UNKNOWN" /&gt;
          &lt;Signal ManufacturingID="" ManufacturingDate="946771200" Address="0" ConfiguredForGC="false" FWRevCode="0" EEPROMRevCode="0" TypeID="UNKNOWN" /&gt;
          &lt;EPC ManufacturingID="" ManufacturingDate="946771200" Address="0" ConfiguredForGC="false" FWRevCode="0" EEPROMRevCode="0" TypeID="UNKNOWN" /&gt;
          &lt;Heater ConfiguredForGC="false" Power="0" Position="0" /&gt;
          &lt;Heater ConfiguredForGC="false" Power="0" Position="0" /&gt;
        &lt;/Detector&gt;
        &lt;Detector&gt;
          &lt;Signal ManufacturingID="" ManufacturingDate="946771200" Address="0" ConfiguredForGC="false" FWRevCode="0" EEPROMRevCode="0" TypeID="UNKNOWN" /&gt;
          &lt;Signal ManufacturingID="" ManufacturingDate="946771200" Address="0" ConfiguredForGC="false" FWRevCode="0" EEPROMRevCode="0" TypeID="UNKNOWN" /&gt;
          &lt;EPC ManufacturingID="" ManufacturingDate="946771200" Address="0" ConfiguredForGC="false" FWRevCode="0" EEPROMRevCode="0" TypeID="UNKNOWN" /&gt;
          &lt;Heater ConfiguredForGC="false" Power="0" Position="0" /&gt;
          &lt;Heater ConfiguredForGC="false" Power="0" Position="0" /&gt;
        &lt;/Detector&gt;
        &lt;APC ManufacturingID="" ManufacturingDate="946771200" Address="0" ConfiguredForGC="false" FWRevCode="0" EEPROMRevCode="0" TypeID="UNKNOWN" /&gt;
        &lt;APC ManufacturingID="" ManufacturingDate="946771200" Address="0" ConfiguredForGC="false" FWRevCode="0" EEPROMRevCode="0" TypeID="UNKNOWN" /&gt;
        &lt;APC ManufacturingID="" ManufacturingDate="946771200" Address="0" ConfiguredForGC="false" FWRevCode="0" EEPROMRevCode="0" TypeID="UNKNOWN" /&gt;
        &lt;PCM&gt;
          &lt;EPC ManufacturingID="" ManufacturingDate="946771200" Address="0" ConfiguredForGC="false" FWRevCode="0" EEPROMRevCode="0" TypeID="UNKNOWN" /&gt;
          &lt;Heater ConfiguredForGC="false" Power="0" Position="0" /&gt;
        &lt;/PCM&gt;
        &lt;PCM&gt;
          &lt;EPC ManufacturingID="" ManufacturingDate="946771200" Address="0" ConfiguredForGC="false" FWRevCode="0" EEPROMRevCode="0" TypeID="UNKNOWN" /&gt;
          &lt;Heater ConfiguredForGC="false" Power="0" Position="0" /&gt;
        &lt;/PCM&gt;
        &lt;PCM&gt;
          &lt;EPC ManufacturingID="J00836" ManufacturingDate="1341587263" Address="5" ConfiguredForGC="true" FWRevCode="1546" EEPROMRevCode="514" TypeID="PCM" /&gt;
          &lt;Heater ConfiguredForGC="false" Power="0" Position="0" /&gt;
        &lt;/PCM&gt;
        &lt;Valve ConfiguredForGC="true" /&gt;
        &lt;Valve ConfiguredForGC="true" /&gt;
        &lt;Valve ConfiguredForGC="false" /&gt;
        &lt;Valve ConfiguredForGC="false" /&gt;
        &lt;Valve ConfiguredForGC="false" /&gt;
        &lt;Valve ConfiguredForGC="false" /&gt;
        &lt;Valve ConfiguredForGC="false" /&gt;
        &lt;Valve ConfiguredForGC="false" /&gt;
        &lt;AuxHeater ConfiguredForGC="true" Power="65.32771301" Position="2" /&gt;
        &lt;AuxHeater ConfiguredForGC="false" Power="0" Position="0" /&gt;
        &lt;AuxHeater ConfiguredForGC="false" Power="0" Position="0" /&gt;
        &lt;ValveBox ConfiguredForGC="true" MaxTemp="225"&gt;
          &lt;Heater ConfiguredForGC="true" Power="71.01268005" Position="5" /&gt;
          &lt;Heater ConfiguredForGC="false" Power="0" Position="0" /&gt;
        &lt;/ValveBox&gt;
        &lt;CryoFocus ConfiguredForGC="false" Valve="0" /&gt;
        &lt;QQQ ManufacturingID="" ManufacturingDate="946771200" Address="0" ConfiguredForGC="false" FWRevCode="0" EEPROMRevCode="0" TypeID="UNKNOWN" /&gt;
      &lt;/Fixed&gt;
      &lt;Variable PressureUnits="PSI" AutoPrepRunEnabled="false" ColumnOutletPressure="0"&gt;
        &lt;Inlet Gas="ArMe" CryoType="CO2" FlowSensorAutoCal="1" SeptumPurgeRegulaterAutoCal="1" /&gt;
        &lt;Inlet Gas="UNKNOWN" CryoType="UNKNOWN" FlowSensorAutoCal="0" SeptumPurgeRegulaterAutoCal="0" /&gt;
        &lt;Detector LitOffset="2" FuelGas="H2" UtilityGas="Air" MakeupGas="N2" BeadVoltage="0" ElectrometerOnly="false" /&gt;
        &lt;Detector LitOffset="0" FuelGas="UNKNOWN" UtilityGas="N2" MakeupGas="N2" BeadVoltage="0" ElectrometerOnly="false" /&gt;
        &lt;Detector LitOffset="0" FuelGas="UNKNOWN" UtilityGas="UNKNOWN" MakeupGas="UNKNOWN" BeadVoltage="0" ElectrometerOnly="false" /&gt;
        &lt;Detector LitOffset="0" FuelGas="UNKNOWN" UtilityGas="UNKNOWN" MakeupGas="UNKNOWN" BeadVoltage="0" ElectrometerOnly="false" /&gt;
        &lt;Column Present="true" NominalLength="30" NominalDiameter="0.00053" FilmThickness="4E-05" InletConnection="FRONT_INLET" OutletConnection="FRONT_DETECTOR" CalculatedLength="30" CalculatedDiameter="0.00053" CalibrationMode="UNCALIBRATED" CalibrationDateTime="2000-01-02T00:00:00" HeaterID="OVEN" ColumnMaxTemp="290" Name="Agilent 19095P-Q04" Type="HP-PLOT/Q" SerialNumber="2031.43749"&gt;
          &lt;InSegment NominalLength="0" NominalDiameter="0.00025" FilmThickness="0" HeaterID="OVEN" /&gt;
          &lt;OutSegment NominalLength="0" NominalDiameter="0.00025" FilmThickness="0" HeaterID="OVEN" /&gt;
          &lt;Segment2 NominalLength="0" NominalDiameter="0.00025" FilmThickness="0" HeaterID="OVEN" /&gt;
          &lt;Tag Validity="NOT_FOUND" /&gt;
        &lt;/Column&gt;
        &lt;Column Present="true" NominalLength="45" NominalDiameter="0.00053" FilmThickness="3.5E-05" InletConnection="PCM_C_CHANNEL_A" OutletConnection="BACK_DETECTOR" CalculatedLength="45" CalculatedDiameter="0.00053" CalibrationMode="LENGTH_ONLY" CalibrationDateTime="2014-05-09T06:59:16" HeaterID="OVEN" ColumnMaxTemp="270" Name="Agilent 19095P-Q03/19095P-MS" Type="PlotQ 15m +Molesieve 30m" SerialNumber=""&gt;
          &lt;InSegment NominalLength="0" NominalDiameter="0.00025" FilmThickness="0" HeaterID="OVEN" /&gt;
          &lt;OutSegment NominalLength="0" NominalDiameter="0.00025" FilmThickness="0" HeaterID="OVEN" /&gt;
          &lt;Segment2 NominalLength="0" NominalDiameter="0.00025" FilmThickness="0" HeaterID="OVEN" /&gt;
          &lt;Tag Validity="NOT_FOUND" /&gt;
        &lt;/Column&gt;
        &lt;Column Present="true" NominalLength="25" NominalDiameter="0.00032" FilmThickness="0" InletConnection="NONE" OutletConnection="NONE" CalculatedLength="25" CalculatedDiameter="0.00032" CalibrationMode="UNCALIBRATED" CalibrationDateTime="2000-01-02T00:00:00" HeaterID="OVEN" ColumnMaxTemp="350" Name="" Type="" SerialNumber=""&gt;
          &lt;InSegment NominalLength="0" NominalDiameter="0.00025" FilmThickness="0" HeaterID="OVEN" /&gt;
          &lt;OutSegment NominalLength="0" NominalDiameter="0.00025" FilmThickness="0" HeaterID="OVEN" /&gt;
          &lt;Segment2 NominalLength="0" NominalDiameter="0.00025" FilmThickness="0" HeaterID="OVEN" /&gt;
          &lt;Tag Validity="NOT_FOUND" /&gt;
        &lt;/Column&gt;
        &lt;Column Present="true" NominalLength="25" NominalDiameter="0.00032" FilmThickness="0" InletConnection="NONE" OutletConnection="NONE" CalculatedLength="25" CalculatedDiameter="0.00032" CalibrationMode="UNCALIBRATED" CalibrationDateTime="2000-01-02T00:00:00" HeaterID="OVEN" ColumnMaxTemp="350" Name="" Type="" SerialNumber=""&gt;
          &lt;InSegment NominalLength="0" NominalDiameter="0.00025" FilmThickness="0" HeaterID="OVEN" /&gt;
          &lt;OutSegment NominalLength="0" NominalDiameter="0.00025" FilmThickness="0" HeaterID="OVEN" /&gt;
          &lt;Segment2 NominalLength="0" NominalDiameter="0.00025" FilmThickness="0" HeaterID="OVEN" /&gt;
          &lt;Tag Validity="NOT_FOUND" /&gt;
        &lt;/Column&gt;
        &lt;Column Present="true" NominalLength="25" NominalDiameter="0.00032" FilmThickness="0" InletConnection="NONE" OutletConnection="NONE" CalculatedLength="25" CalculatedDiameter="0.00032" CalibrationMode="UNCALIBRATED" CalibrationDateTime="2000-01-02T00:00:00" HeaterID="OVEN" ColumnMaxTemp="350" Name="" Type="" SerialNumber=""&gt;
          &lt;InSegment NominalLength="0" NominalDiameter="0.00025" FilmThickness="0" HeaterID="OVEN" /&gt;
          &lt;OutSegment NominalLength="0" NominalDiameter="0.00025" FilmThickness="0" HeaterID="OVEN" /&gt;
          &lt;Segment2 NominalLength="0" NominalDiameter="0.00025" FilmThickness="0" HeaterID="OVEN" /&gt;
          &lt;Tag Validity="NOT_FOUND" /&gt;
        &lt;/Column&gt;
        &lt;Column Present="true" NominalLength="25" NominalDiameter="0.00032" FilmThickness="0" InletConnection="NONE" OutletConnection="NONE" CalculatedLength="25" CalculatedDiameter="0.00032" CalibrationMode="UNCALIBRATED" CalibrationDateTime="2000-01-02T00:00:00" HeaterID="OVEN" ColumnMaxTemp="350" Name="" Type="" SerialNumber=""&gt;
          &lt;InSegment NominalLength="0" NominalDiameter="0.00025" FilmThickness="0" HeaterID="OVEN" /&gt;
          &lt;OutSegment NominalLength="0" NominalDiameter="0.00025" FilmThickness="0" HeaterID="OVEN" /&gt;
          &lt;Segment2 NominalLength="0" NominalDiameter="0.00025" FilmThickness="0" HeaterID="OVEN" /&gt;
          &lt;Tag Validity="NOT_FOUND" /&gt;
        &lt;/Column&gt;
        &lt;Oven Voltage="UNKNOWN" Type="FAST" SlowFan="false" MaximumTemperature="290" /&gt;
        &lt;APC&gt;
          &lt;Channel Name="" Gas="UNKNOWN" /&gt;
          &lt;Channel Name="" Gas="UNKNOWN" /&gt;
          &lt;Channel Name="" Gas="UNKNOWN" /&gt;
        &lt;/APC&gt;
        &lt;APC&gt;
          &lt;Channel Name="" Gas="UNKNOWN" /&gt;
          &lt;Channel Name="" Gas="UNKNOWN" /&gt;
          &lt;Channel Name="" Gas="UNKNOWN" /&gt;
        &lt;/APC&gt;
        &lt;APC&gt;
          &lt;Channel Name="" Gas="UNKNOWN" /&gt;
          &lt;Channel Name="" Gas="UNKNOWN" /&gt;
          &lt;Channel Name="" Gas="UNKNOWN" /&gt;
        &lt;/APC&gt;
        &lt;PCM&gt;
          &lt;ChannelA Name="" Gas="N2" /&gt;
          &lt;ChannelB Name="" Gas="N2" ControlMode="FORWARD_PRESSURE" /&gt;
        &lt;/PCM&gt;
        &lt;PCM&gt;
          &lt;ChannelA Name="" Gas="N2" /&gt;
          &lt;ChannelB Name="" Gas="N2" ControlMode="FORWARD_PRESSURE" /&gt;
        &lt;/PCM&gt;
        &lt;PCM&gt;
          &lt;ChannelA Name="" Gas="ArMe" /&gt;
          &lt;ChannelB Name="" Gas="ArMe" ControlMode="FORWARD_PRESSURE" /&gt;
        &lt;/PCM&gt;
        &lt;Valve Name="" Type="SWITCH" LoopVolume="0" BCDInverted="false" StepTime="0" Inlet="UNKNOWN" /&gt;
        &lt;Valve Name="" Type="SWITCH" LoopVolume="0" BCDInverted="false" StepTime="0" Inlet="UNKNOWN" /&gt;
        &lt;Valve Name="" Type="NONE" LoopVolume="0" BCDInverted="false" StepTime="0" Inlet="UNKNOWN" /&gt;
        &lt;Valve Name="" Type="NONE" LoopVolume="0" BCDInverted="false" StepTime="0" Inlet="UNKNOWN" /&gt;
        &lt;Valve Name="" Type="NONE" LoopVolume="0" BCDInverted="false" StepTime="0" Inlet="UNKNOWN" /&gt;
        &lt;Valve Name="" Type="NONE" LoopVolume="0" BCDInverted="false" StepTime="0" Inlet="UNKNOWN" /&gt;
        &lt;Valve Name="" Type="NONE" LoopVolume="0" BCDInverted="false" StepTime="0" Inlet="UNKNOWN" /&gt;
        &lt;Valve Name="" Type="NONE" LoopVolume="0" BCDInverted="false" StepTime="0" Inlet="UNKNOWN" /&gt;
        &lt;AuxHeater Name="Thermal Aux 1" Type="NICKEL_CATALYST" CryoType="NONE" MaxTemp="400" MaxRate="0" /&gt;
        &lt;AuxHeater Name="" Type="NONE" /&gt;
        &lt;AuxHeater Name="" Type="NONE" /&gt;
        &lt;ALS /&gt;
        &lt;Counter ID="1229345616" Type="RUN"&gt;
          &lt;Threshold Action="NOTHING" Value="0" /&gt;
          &lt;Threshold Action="NOTHING" Value="0" /&gt;
        &lt;/Counter&gt;
        &lt;Counter ID="1229343822" Type="RUN"&gt;
          &lt;Threshold Action="NOTHING" Value="0" /&gt;
          &lt;Threshold Action="NOTHING" Value="0" /&gt;
        &lt;/Counter&gt;
        &lt;Counter ID="1229342547" Type="RUN"&gt;
          &lt;Threshold Action="NOTHING" Value="0" /&gt;
          &lt;Threshold Action="NOTHING" Value="0" /&gt;
        &lt;/Counter&gt;
        &lt;Counter ID="1229345622" Type="RUN"&gt;
          &lt;Threshold Action="NOTHING" Value="0" /&gt;
          &lt;Threshold Action="NOTHING" Value="0" /&gt;
        &lt;/Counter&gt;
        &lt;Counter ID="1229345879" Type="RUN"&gt;
          &lt;Threshold Action="NOTHING" Value="0" /&gt;
          &lt;Threshold Action="NOTHING" Value="0" /&gt;
        &lt;/Counter&gt;
        &lt;Counter ID="1229083472" Type="RUN"&gt;
          &lt;Threshold Action="NOTHING" Value="0" /&gt;
          &lt;Threshold Action="NOTHING" Value="0" /&gt;
        &lt;/Counter&gt;
        &lt;Counter ID="1229081678" Type="RUN"&gt;
          &lt;Threshold Action="NOTHING" Value="0" /&gt;
          &lt;Threshold Action="NOTHING" Value="0" /&gt;
        &lt;/Counter&gt;
        &lt;Counter ID="1229080403" Type="RUN"&gt;
          &lt;Threshold Action="NOTHING" Value="0" /&gt;
          &lt;Threshold Action="NOTHING" Value="0" /&gt;
        &lt;/Counter&gt;
        &lt;Counter ID="1229083478" Type="RUN"&gt;
          &lt;Threshold Action="NOTHING" Value="0" /&gt;
          &lt;Threshold Action="NOTHING" Value="0" /&gt;
        &lt;/Counter&gt;
        &lt;Counter ID="1229083735" Type="RUN"&gt;
          &lt;Threshold Action="NOTHING" Value="0" /&gt;
          &lt;Threshold Action="NOTHING" Value="0" /&gt;
        &lt;/Counter&gt;
        &lt;Counter ID="1145456972" Type="RUN"&gt;
          &lt;Threshold Action="NOTHING" Value="0" /&gt;
          &lt;Threshold Action="NOTHING" Value="0" /&gt;
        &lt;/Counter&gt;
        &lt;Counter ID="1145194828" Type="RUN"&gt;
          &lt;Threshold Action="NOTHING" Value="0" /&gt;
          &lt;Threshold Action="NOTHING" Value="0" /&gt;
        &lt;/Counter&gt;
        &lt;Counter ID="1127303491" Type="RUN"&gt;
          &lt;Threshold Action="NOTHING" Value="0" /&gt;
          &lt;Threshold Action="NOTHING" Value="0" /&gt;
        &lt;/Counter&gt;
        &lt;Counter ID="1127369027" Type="RUN"&gt;
          &lt;Threshold Action="NOTHING" Value="0" /&gt;
          &lt;Threshold Action="NOTHING" Value="0" /&gt;
        &lt;/Counter&gt;
        &lt;Counter ID="1127434563" Type="RUN"&gt;
          &lt;Threshold Action="NOTHING" Value="0" /&gt;
          &lt;Threshold Action="NOTHING" Value="0" /&gt;
        &lt;/Counter&gt;
        &lt;Counter ID="1127500099" Type="RUN"&gt;
          &lt;Threshold Action="NOTHING" Value="0" /&gt;
          &lt;Threshold Action="NOTHING" Value="0" /&gt;
        &lt;/Counter&gt;
        &lt;Counter ID="1127565635" Type="RUN"&gt;
          &lt;Threshold Action="NOTHING" Value="0" /&gt;
          &lt;Threshold Action="NOTHING" Value="0" /&gt;
        &lt;/Counter&gt;
        &lt;Counter ID="1127631171" Type="RUN"&gt;
          &lt;Threshold Action="NOTHING" Value="0" /&gt;
          &lt;Threshold Action="NOTHING" Value="0" /&gt;
        &lt;/Counter&gt;
        &lt;Counter ID="1246120275" Type="RUN"&gt;
          &lt;Threshold Action="NOTHING" Value="0" /&gt;
          &lt;Threshold Action="NOTHING" Value="0" /&gt;
        &lt;/Counter&gt;
        &lt;Counter ID="1245858131" Type="RUN"&gt;
          &lt;Threshold Action="NOTHING" Value="0" /&gt;
          &lt;Threshold Action="NOTHING" Value="0" /&gt;
        &lt;/Counter&gt;
        &lt;Counter ID="20" Type="RUN"&gt;
          &lt;Threshold Action="NOTHING" Value="0" /&gt;
          &lt;Threshold Action="NOTHING" Value="0" /&gt;
        &lt;/Counter&gt;
        &lt;Counter ID="21" Type="RUN"&gt;
          &lt;Threshold Action="NOTHING" Value="0" /&gt;
          &lt;Threshold Action="NOTHING" Value="0" /&gt;
        &lt;/Counter&gt;
        &lt;Counter ID="22" Type="RUN"&gt;
          &lt;Threshold Action="NOTHING" Value="0" /&gt;
          &lt;Threshold Action="NOTHING" Value="0" /&gt;
        &lt;/Counter&gt;
        &lt;Counter ID="23" Type="RUN"&gt;
          &lt;Threshold Action="NOTHING" Value="0" /&gt;
          &lt;Threshold Action="NOTHING" Value="0" /&gt;
        &lt;/Counter&gt;
        &lt;Counter ID="24" Type="RUN"&gt;
          &lt;Threshold Action="NOTHING" Value="0" /&gt;
          &lt;Threshold Action="NOTHING" Value="0" /&gt;
        &lt;/Counter&gt;
        &lt;Counter ID="25" Type="RUN"&gt;
          &lt;Threshold Action="NOTHING" Value="0" /&gt;
          &lt;Threshold Action="NOTHING" Value="0" /&gt;
        &lt;/Counter&gt;
        &lt;Counter ID="26" Type="RUN"&gt;
          &lt;Threshold Action="NOTHING" Value="0" /&gt;
          &lt;Threshold Action="NOTHING" Value="0" /&gt;
        &lt;/Counter&gt;
        &lt;Counter ID="27" Type="RUN"&gt;
          &lt;Threshold Action="NOTHING" Value="0" /&gt;
          &lt;Threshold Action="NOTHING" Value="0" /&gt;
        &lt;/Counter&gt;
        &lt;Counter ID="28" Type="RUN"&gt;
          &lt;Threshold Action="NOTHING" Value="0" /&gt;
          &lt;Threshold Action="NOTHING" Value="0" /&gt;
        &lt;/Counter&gt;
        &lt;Counter ID="29" Type="RUN"&gt;
          &lt;Threshold Action="NOTHING" Value="0" /&gt;
          &lt;Threshold Action="NOTHING" Value="0" /&gt;
        &lt;/Counter&gt;
        &lt;Counter ID="30" Type="RUN"&gt;
          &lt;Threshold Action="NOTHING" Value="0" /&gt;
          &lt;Threshold Action="NOTHING" Value="0" /&gt;
        &lt;/Counter&gt;
        &lt;Counter ID="31" Type="RUN"&gt;
          &lt;Threshold Action="NOTHING" Value="0" /&gt;
          &lt;Threshold Action="NOTHING" Value="0" /&gt;
        &lt;/Counter&gt;
        &lt;Counter ID="32" Type="RUN"&gt;
          &lt;Threshold Action="NOTHING" Value="0" /&gt;
          &lt;Threshold Action="NOTHING" Value="0" /&gt;
        &lt;/Counter&gt;
        &lt;Counter ID="33" Type="RUN"&gt;
          &lt;Threshold Action="NOTHING" Value="0" /&gt;
          &lt;Threshold Action="NOTHING" Value="0" /&gt;
        &lt;/Counter&gt;
        &lt;Counter ID="34" Type="RUN"&gt;
          &lt;Threshold Action="NOTHING" Value="0" /&gt;
          &lt;Threshold Action="NOTHING" Value="0" /&gt;
        &lt;/Counter&gt;
        &lt;Counter ID="35" Type="RUN"&gt;
          &lt;Threshold Action="NOTHING" Value="0" /&gt;
          &lt;Threshold Action="NOTHING" Value="0" /&gt;
        &lt;/Counter&gt;
        &lt;Counter ID="36" Type="RUN"&gt;
          &lt;Threshold Action="NOTHING" Value="0" /&gt;
          &lt;Threshold Action="NOTHING" Value="0" /&gt;
        &lt;/Counter&gt;
        &lt;Counter ID="37" Type="RUN"&gt;
          &lt;Threshold Action="NOTHING" Value="0" /&gt;
          &lt;Threshold Action="NOTHING" Value="0" /&gt;
        &lt;/Counter&gt;
        &lt;Counter ID="38" Type="RUN"&gt;
          &lt;Threshold Action="NOTHING" Value="0" /&gt;
          &lt;Threshold Action="NOTHING" Value="0" /&gt;
        &lt;/Counter&gt;
        &lt;Counter ID="39" Type="RUN"&gt;
          &lt;Threshold Action="NOTHING" Value="0" /&gt;
          &lt;Threshold Action="NOTHING" Value="0" /&gt;
        &lt;/Counter&gt;
        &lt;Counter ID="40" Type="RUN"&gt;
          &lt;Threshold Action="NOTHING" Value="0" /&gt;
          &lt;Threshold Action="NOTHING" Value="0" /&gt;
        &lt;/Counter&gt;
        &lt;Counter ID="41" Type="RUN"&gt;
          &lt;Threshold Action="NOTHING" Value="0" /&gt;
          &lt;Threshold Action="NOTHING" Value="0" /&gt;
        &lt;/Counter&gt;
        &lt;Counter ID="42" Type="RUN"&gt;
          &lt;Threshold Action="NOTHING" Value="0" /&gt;
          &lt;Threshold Action="NOTHING" Value="0" /&gt;
        &lt;/Counter&gt;
        &lt;Counter ID="43" Type="RUN"&gt;
          &lt;Threshold Action="NOTHING" Value="0" /&gt;
          &lt;Threshold Action="NOTHING" Value="0" /&gt;
        &lt;/Counter&gt;
        &lt;Counter ID="44" Type="RUN"&gt;
          &lt;Threshold Action="NOTHING" Value="0" /&gt;
          &lt;Threshold Action="NOTHING" Value="0" /&gt;
        &lt;/Counter&gt;
        &lt;Counter ID="45" Type="RUN"&gt;
          &lt;Threshold Action="NOTHING" Value="0" /&gt;
          &lt;Threshold Action="NOTHING" Value="0" /&gt;
        &lt;/Counter&gt;
        &lt;Counter ID="46" Type="RUN"&gt;
          &lt;Threshold Action="NOTHING" Value="0" /&gt;
          &lt;Threshold Action="NOTHING" Value="0" /&gt;
        &lt;/Counter&gt;
        &lt;Counter ID="47" Type="RUN"&gt;
          &lt;Threshold Action="NOTHING" Value="0" /&gt;
          &lt;Threshold Action="NOTHING" Value="0" /&gt;
        &lt;/Counter&gt;
        &lt;Counter ID="48" Type="RUN"&gt;
          &lt;Threshold Action="NOTHING" Value="0" /&gt;
          &lt;Threshold Action="NOTHING" Value="0" /&gt;
        &lt;/Counter&gt;
        &lt;Counter ID="49" Type="RUN"&gt;
          &lt;Threshold Action="NOTHING" Value="0" /&gt;
          &lt;Threshold Action="NOTHING" Value="0" /&gt;
        &lt;/Counter&gt;
        &lt;Counter ID="50" Type="RUN"&gt;
          &lt;Threshold Action="NOTHING" Value="0" /&gt;
          &lt;Threshold Action="NOTHING" Value="0" /&gt;
        &lt;/Counter&gt;
        &lt;Counter ID="51" Type="RUN"&gt;
          &lt;Threshold Action="NOTHING" Value="0" /&gt;
          &lt;Threshold Action="NOTHING" Value="0" /&gt;
        &lt;/Counter&gt;
        &lt;Counter ID="52" Type="RUN"&gt;
          &lt;Threshold Action="NOTHING" Value="0" /&gt;
          &lt;Threshold Action="NOTHING" Value="0" /&gt;
        &lt;/Counter&gt;
        &lt;Counter ID="53" Type="RUN"&gt;
          &lt;Threshold Action="NOTHING" Value="0" /&gt;
          &lt;Threshold Action="NOTHING" Value="0" /&gt;
        &lt;/Counter&gt;
        &lt;Counter ID="54" Type="RUN"&gt;
          &lt;Threshold Action="NOTHING" Value="0" /&gt;
          &lt;Threshold Action="NOTHING" Value="0" /&gt;
        &lt;/Counter&gt;
        &lt;Counter ID="55" Type="RUN"&gt;
          &lt;Threshold Action="NOTHING" Value="0" /&gt;
          &lt;Threshold Action="NOTHING" Value="0" /&gt;
        &lt;/Counter&gt;
        &lt;Counter ID="56" Type="RUN"&gt;
          &lt;Threshold Action="NOTHING" Value="0" /&gt;
          &lt;Threshold Action="NOTHING" Value="0" /&gt;
        &lt;/Counter&gt;
        &lt;Counter ID="57" Type="RUN"&gt;
          &lt;Threshold Action="NOTHING" Value="0" /&gt;
          &lt;Threshold Action="NOTHING" Value="0" /&gt;
        &lt;/Counter&gt;
        &lt;Counter ID="58" Type="RUN"&gt;
          &lt;Threshold Action="NOTHING" Value="0" /&gt;
          &lt;Threshold Action="NOTHING" Value="0" /&gt;
        &lt;/Counter&gt;
        &lt;Counter ID="59" Type="RUN"&gt;
          &lt;Threshold Action="NOTHING" Value="0" /&gt;
          &lt;Threshold Action="NOTHING" Value="0" /&gt;
        &lt;/Counter&gt;
        &lt;Counter ID="60" Type="RUN"&gt;
          &lt;Threshold Action="NOTHING" Value="0" /&gt;
          &lt;Threshold Action="NOTHING" Value="0" /&gt;
        &lt;/Counter&gt;
        &lt;Counter ID="61" Type="RUN"&gt;
          &lt;Threshold Action="NOTHING" Value="0" /&gt;
          &lt;Threshold Action="NOTHING" Value="0" /&gt;
        &lt;/Counter&gt;
        &lt;Counter ID="62" Type="RUN"&gt;
          &lt;Threshold Action="NOTHING" Value="0" /&gt;
          &lt;Threshold Action="NOTHING" Value="0" /&gt;
        &lt;/Counter&gt;
        &lt;Counter ID="63" Type="RUN"&gt;
          &lt;Threshold Action="NOTHING" Value="0" /&gt;
          &lt;Threshold Action="NOTHING" Value="0" /&gt;
        &lt;/Counter&gt;
        &lt;QQQ Name="" Gas="N2" /&gt;
      &lt;/Variable&gt;
    &lt;/GCConfiguration&gt;
  &lt;/configuration&gt;
&lt;/GCContextualMethod&gt;</Data>
      </ConfigData>
      <AutoConfigInfo>&lt;?xml version="1.0"?&gt;
&lt;AutoConfigInfo xmlns:xsi="http://www.w3.org/2001/XMLSchema-instance" xmlns:xsd="http://www.w3.org/2001/XMLSchema" xmlns="http://www.agilent.com/schemas/Analytical/Instrument/GC7890/2006/"&gt;
  &lt;KeyboardLock&gt;false&lt;/KeyboardLock&gt;
  &lt;PrepRunOnManual&gt;true&lt;/PrepRunOnManual&gt;
  &lt;ConnectionInfo&gt;
    &lt;Address&gt;192.168.254.11&lt;/Address&gt;
    &lt;Details&gt;none&lt;/Details&gt;
    &lt;SharedPort&gt;false&lt;/SharedPort&gt;
    &lt;Type&gt;TCPIP&lt;/Type&gt;
  &lt;/ConnectionInfo&gt;
&lt;/AutoConfigInfo&gt;</AutoConfigInfo>
    </ModuleConfig>
  </ConfiguredModules>
  <Settings>
    <Setting ID="CombinedMethodDialog">Heigth=625;Width=1151;Left=339;Top=123;SplitterDistancePercentage=75</Setting>
  </Settings>
  <InstrumentType>GC</InstrumentType>
</InstrumentConfig>